id_cliente,nombre,apellido,correo,telefono
C0094,Evangelina,Morante,evangelina.morante@alianzateam.com,3148254483
C0167,Samuel,Prats,pepito64@example.org,3177166740
C0029,Vicenta,Cañellas,spozuelo@example.net,3161737830
C0052,Moreno,Lasa,eugeniagascon@example.com,3185278490
C0070,Concha,Olmo,concha.olmo@alianzateam.com,3175628804
C0189,Félix,Nebot,iboada@example.net,3114879897
C0038,Leopoldo,Bustamante,marquezalma@example.com,3133721924
C0010,Adoración,Saez,aguirreaaron@example.net,3132412814
C0026,Jeremías,Prieto,jeremías.prieto@alianzateam.com,3205797939
C0045,Máximo,Casares,clarisacuenca@example.org,3147616984
C0171,Poncio,Pellicer,smanrique@example.net,3143394695
C0120,Alejandra,Donoso,fabregaszaira@example.com,3202759892
C0058,Cayetana,Valenciano,cayetana.valenciano@alianzateam.com,3177338500
C0197,Pelayo,Barroso,thoyos@example.org,3196621083
C0066,Gema,Arribas,anastasio79@example.net,3143776445
C0080,Rosa María,Bayo,bautistamauricio@example.org,3136950020
C0111,Chus,Blasco,chus.blasco@alianzateam.com,3135184570
C0084,Jose Ignacio,Pazos,alberdiolegario@example.com,3188253719
C0083,Belén,Castañeda,jordan98@example.org,3195265007
C0173,Ildefonso,Bernat,agustinagarate@example.com,3198943818
C0053,Noelia,Salmerón,noelia.salmerón@alianzateam.com,3199600077
C0121,Felicidad,Boada,sierrachus@example.org,3113451719
C0023,Juliana,Medina,ljimenez@example.com,3156223874
C0183,Chelo,Ferrera,vmanzanares@example.com,3226197530
C0192,Sandalio,Casal,sandalio.casal@alianzateam.com,3112760167
C0118,Erasmo,Lara,talaveraesteban@example.com,3132423159
C0135,Alba,Oliva,carino@example.org,3103147298
C0109,Marcial,Alcalá,pinillaetelvina@example.org,3199106961
C0163,Calista,Aranda,calista.aranda@alianzateam.com,3148337989
C0060,Jose Miguel,Ugarte,belmonteelba@example.org,3159241442
C0098,Gertrudis,Verdú,noatejada@example.org,3101055235
C0106,Ágata,Amaya,lastramamen@example.net,3135221472
C0178,Vicente,Redondo,vicente.redondo@alianzateam.com,3206570546
C0099,Jaime,Ariza,morenamarmol@example.org,3164751168
C0136,Zaida,Calderón,iglesiaariadna@example.net,3204620137
C0086,Bibiana,Anglada,corona67@example.net,3126572512
C0191,Pascuala,Soria,pascuala.soria@alianzateam.com,3136405916
C0166,Jovita,Quirós,agapitojauregui@example.com,3138569816
C0061,Bernardita,Manuel,famo@example.org,3211324112
C0065,Lupita,Gracia,ortegajuan-antonio@example.com,3158904276
C0006,Julie,Blanco,julie.blanco@alianzateam.com,3117104021
C0160,Epifanio,Castelló,macariolastra@example.net,3125545096
C0144,Tristán,Guillen,zacariasluz@example.org,3151256968
C0003,Dora,Vazquez,pozuelodora@example.net,3204196063
C0117,Rosario,Prado,rosario.prado@alianzateam.com,3202907963
C0137,Tamara,Moya,cbanos@example.com,3127304923
C0022,Ligia,Pedro,ambrosio79@example.net,3109679084
C0021,Adelardo,Heras,saturnina10@example.com,3157341228
C0165,Genoveva,Álvarez,genoveva.álvarez@alianzateam.com,3124767895
C0062,Esther,Alcalá,narcisa21@example.com,3168236877
C0190,Herberto,Noguera,jlloret@example.net,3151788700
C0030,Jacinto,Solera,desideriougarte@example.net,3196527751
C0049,Nélida,Neira,nélida.neira@alianzateam.com,3228824704
C0072,Evita,Lledó,pepito44@example.org,3215978756
C0181,Alex,Bárcena,ybarrio@example.net,3167160656
C0112,Serafina,Sánchez,ibarrena@example.com,3123969647
C0016,Ariel,Viñas,ariel.viñas@alianzateam.com,3207834988
C0155,Jose Manuel,Morcillo,maria-jesuscanete@example.com,3114469084
C0150,Sandra,Pelayo,candelarocha@example.com,3207298757
C0195,Oriana,Agudo,rpoza@example.net,3192932399
C0019,Balduino,Roma,balduino.roma@alianzateam.com,3211636276
C0008,Olalla,Amaya,matavalentina@example.org,3171763999
C0067,Jerónimo,Oller,mfont@example.org,3218386098
C0068,María Luisa,Osorio,buenoalfredo@example.org,3105049406
C0145,Anunciación,Marti,anunciación.marti@alianzateam.com,3172854228
C0069,Salomé,Rodrigo,porcelmaite@example.org,3107396607
C0188,Zaira,Cano,santamariasantiago@example.org,3205228486
C0147,Amelia,Arco,gaston47@example.net,3164430426
C0125,Vilma,Solana,vilma.solana@alianzateam.com,3105884804
C0041,Pastor,Solano,xprieto@example.net,3126216189
C0194,Evangelina,Vera,kugarte@example.org,3116610302
C0159,Trinidad,Ruiz,escalonaadora@example.org,3144273179
C0073,Yolanda,Daza,yolanda.daza@alianzateam.com,3159180103
C0180,Antonio,Escrivá,sanchovalentina@example.org,3157443869
C0087,Brígida,Jordán,fatimavina@example.com,3143492112
C0148,Balduino,Fabra,teofilo41@example.org,3141768845
C0151,Jaime,Carbajo,jaime.carbajo@alianzateam.com,3218826853
C0184,Isidro,Morante,avilaignacio@example.org,3199558375
C0097,Joel,Agustín,schico@example.org,3126771651
C0025,Sarita,Roura,romanjoel@example.net,3182335615
C0075,Cornelio,Jimenez,cornelio.jimenez@alianzateam.com,3181629729
C0174,África,Duran,belen72@example.com,3151034766
C0088,Marc,Clavero,javilara@example.com,3119184758
C0179,Jordana,Sancho,ayalamaxima@example.org,3152624865
C0199,Plinio,Téllez,plinio.téllez@alianzateam.com,3125706597
C0162,Mohamed,Anguita,juan-carlossalas@example.com,3216410946
C0079,Nadia,Talavera,nicolasa47@example.com,3179882029
C0093,Tadeo,Bellido,kgallego@example.com,3205697566
C0116,Mariana,Arnal,mariana.arnal@alianzateam.com,3152190470
C0126,Daniela,Cantón,martinagordillo@example.org,3173663687
C0157,Máximo,Mayol,aragoneshector@example.org,3118863535
C0015,Belén,Trujillo,vanesa54@example.net,3144995004
C0044,Alba,Sanmiguel,alba.sanmiguel@alianzateam.com,3158460936
C0134,Gil,Reyes,maximino61@example.org,3183757719
C0027,Almudena,Asensio,orianarossello@example.com,3158461744
C0007,Chelo,Palomares,tamara74@example.com,3107439409
C0113,Juana,Vall,juana.vall@alianzateam.com,3217662491
C0154,Alejandra,Sala,graciela67@example.net,3158415844
C0115,Samanta,Ávila,solerjose-luis@example.com,3182284782
C0095,Francisco Javier,Marí,rdomingo@example.org,3194365661
C0129,Verónica,Taboada,verónica.taboada@alianzateam.com,3101221383
C0142,Cipriano,Escamilla,apolinar33@example.org,3216744361
C0143,Julia,Martínez,solmurillo@example.org,3122688832
C0102,Maxi,Grande,artemio34@example.com,3131162269
C0107,Asdrubal,Arregui,asdrubal.arregui@alianzateam.com,3122778749
C0172,Ámbar,Herranz,sernafelipa@example.org,3141506466
C0001,Roldán,Luque,parraestefania@example.org,3129009824
C0004,Marta,Gallo,javi05@example.org,3211333293
C0158,Vidal,Santana,vidal.santana@alianzateam.com,3186856369
C0089,Magdalena,Alsina,lidia12@example.com,3108782605
C0161,Severino,Jordá,haroldocarrasco@example.org,3173360806
C0063,Edelmiro,Cerdá,cgalindo@example.org,3167594209
C0104,Clemente,Romeu,clemente.romeu@alianzateam.com,3131652561
C0130,Guadalupe,Oller,eutimiogoni@example.com,3192000041
C0196,Ruperto,Ruiz,dacero@example.com,3208146285
C0128,Vicente,Lucas,teresa35@example.net,3144396058
C0064,Hernando,Barroso,hernando.barroso@alianzateam.com,3144661534
C0132,Juan Manuel,Corominas,avalentin@example.com,3127463907
C0037,Gerónimo,Alfaro,ambrosio85@example.com,3118279681
C0057,Febe,Puga,kmorales@example.com,3201932850
C0108,Morena,Arana,morena.arana@alianzateam.com,3107929261
C0164,Jose Carlos,Contreras,apolinarcruz@example.org,3146838601
C0198,Alex,Melero,maristela77@example.net,3196607554
C0031,Teófilo,Capdevila,dorita29@example.net,3189136535
C0047,Mohamed,Castilla,mohamed.castilla@alianzateam.com,3154387460
C0040,María Fernanda,Saez,palacioosvaldo@example.net,3126094993
C0101,Severiano,Palomino,cuestaofelia@example.com,3214893033
C0156,Daniela,Duran,rosarocamora@example.org,3144266846
C0074,Tatiana,Benitez,tatiana.benitez@alianzateam.com,3219381160
C0051,Carla,Trillo,rbermudez@example.com,3172369453
C0119,Arcelia,Poza,leonardo47@example.org,3161435417
C0020,Olga,Saura,martorellricarda@example.net,3101116049
C0127,María Cristina,Abril,maríacristina.abril@alianzateam.com,3156390155
C0103,Lino,Robles,benignaroca@example.org,3176352842
C0078,Leandra,Escamilla,castilloalberto@example.net,3159673884
C0055,Tania,Valle,franchjosefina@example.net,3178422044
C0186,María Teresa,Fonseca,maríateresa.fonseca@alianzateam.com,3102645041
C0071,Jordana,Pedrero,riquelmeluna@example.net,3155737286
C0176,Custodia,Ferreras,felixduran@example.org,3174820615
C0149,Cándido,Guitart,feliciana72@example.org,3158459886
C0146,Humberto,Cañete,humberto.cañete@alianzateam.com,3144798900
C0012,Iris,Alfonso,ignacioizaguirre@example.com,3177147211
C0009,David,Mosquera,crespogeraldo@example.com,3113714661
C0185,Candelaria,Campo,porrasmarcos@example.net,3139922279
C0034,Godofredo,Ramirez,godofredo.ramirez@alianzateam.com,3167519251
C0114,Vinicio,Pelayo,ncarrion@example.org,3132098890
C0033,Sancho,Ortiz,dan39@example.net,3221821583
C0011,Abraham,Valbuena,fsanchez@example.com,3141038992
C0017,Segismundo,Mateo,segismundo.mateo@alianzateam.com,3134278095
C0096,Custodia,Carbó,xcarretero@example.com,3117132184
C0193,Eliseo,Morell,venceslascollado@example.org,3229702840
C0081,Coral,Ferrando,deliaserrano@example.org,3217089116
C0133,Imelda,Arévalo,imelda.arévalo@alianzateam.com,3199588936
C0018,Ciriaco,Adadia,tomeamalia@example.org,3125868681
C0110,Calisto,Asenjo,amaliachacon@example.net,3216157178
C0139,Rogelio,Alfonso,svallejo@example.org,3182643503
C0036,Paulino,Bosch,paulino.bosch@alianzateam.com,3223591188
C0152,Alma,Armengol,doragimeno@example.org,3175529712
C0123,Jacinta,Jordán,escalonaanita@example.net,3116976452
C0085,Eva,Boix,nando53@example.com,3113011969
C0122,Manuelita,Suarez,manuelita.suarez@alianzateam.com,3217480193
C0054,Petrona,Catalá,emiliano70@example.com,3222198122
C0090,Amparo,Garrido,ignacio57@example.com,3168348495
C0140,Dani,Vidal,hfuentes@example.org,3103473677
C0024,Cintia,Benet,cintia.benet@alianzateam.com,3143524413
C0042,Alfonso,Bou,agustinamora@example.com,3154708895
C0048,Inmaculada,Sánchez,cepedaanita@example.com,3215622433
C0182,Juanito,Villalobos,fitobartolome@example.com,3196938258
C0138,Aníbal,Palomo,aníbal.palomo@alianzateam.com,3111492891
C0076,Inés,Segovia,armandoarrieta@example.org,3195695889
C0056,Filomena,Torralba,jaimemartin@example.org,3129695741
C0059,Agustín,Robles,dominguezalvaro@example.com,3219298406
C0000,Luciano,Agudo,luciano.agudo@alianzateam.com,3206782785
C0082,Lola,Toledo,cristian41@example.net,3168381830
C0028,Consuela,Mendez,uverdugo@example.net,3104888025
C0091,Casemiro,Núñez,zcamino@example.com,3221000593
C0043,Paz,Bayo,paz.bayo@alianzateam.com,3166788790
C0169,Modesta,Murillo,carmonaherberto@example.org,3144019098
C0141,Víctor,Rodríguez,ucarmona@example.org,3211493402
C0105,Amparo,Bartolomé,rosalvamateu@example.net,3159757860
C0077,Ale,Montoya,ale.montoya@alianzateam.com,3163366329
C0131,Cebrián,Menéndez,mauravalbuena@example.net,3155032997
C0014,Juanito,Lozano,rolandohuerta@example.com,3188984396
C0005,Violeta,Boada,ramireznoemi@example.net,3167669065
C0032,Leonel,Torrijos,leonel.torrijos@alianzateam.com,3124012668
C0177,Domingo,Macías,vmilla@example.com,3136125958
C0002,Ámbar,Luís,alejandro77@example.org,3113695660
C0013,Paloma,Varela,urbanoandres@example.net,3122999040
C0035,Liliana,Madrigal,liliana.madrigal@alianzateam.com,3146054890
C0100,Marcela,Gámez,artemio93@example.org,3174182073
C0175,Faustino,Frías,nevadoroberta@example.com,3128829588
C0187,Aurora,Viana,remigio54@example.org,3186740462
C0092,Irma,Peinado,irma.peinado@alianzateam.com,3137370738
C0046,Yaiza,Sanmiguel,aurelianobravo@example.org,3114293161
C0168,Nidia,Fabregat,maximino79@example.com,3107916676
C0050,Candelario,Osuna,canellasnacio@example.com,3149287841
C0153,Tomás,Mate,tomás.mate@alianzateam.com,3227805526
C0039,Vanesa,Losa,ambrosiosantana@example.com,3167302114
C0124,Pepito,Tapia,aguilarprudencio@example.com,3211365456
C0170,Nazaret,Palomares,jamador@example.net,3165198619
